{
  "usersCount": 54,
  "users": [
    {
      "LastName": "Barnes",
      "soldProducts": {
        "count": 9,
        "products": [
          {
            "Name": "Fair Foundation SPF 15",
            "Price": 1394.24
          },
          {
            "Name": "IOPE RETIGEN MOISTURE TWIN CAKE NO.21",
            "Price": 1257.71
          },
          {
            "Name": "ESIKA",
            "Price": 879.37
          },
          {
            "Name": "allergy eye",
            "Price": 426.91
          },
          {
            "Name": "Glyburide",
            "Price": 95.10
          },
          {
            "Name": "Finasteride",
            "Price": 1374.01
          },
          {
            "Name": "GOONG SECRET CALMING BATH",
            "Price": 742.47
          },
          {
            "Name": "EMEND",
            "Price": 1365.51
          },
          {
            "Name": "Allergena",
            "Price": 109.32
          }
        ]
      }
    },
    {
      "LastName": "Parker",
      "Age": 56,
      "soldProducts": {
        "count": 7,
        "products": [
          {
            "Name": "Growing Pains",
            "Price": 1077.37
          },
          {
            "Name": "Amitriptyline Hydrochloride",
            "Price": 1453.96
          },
          {
            "Name": "TYLENOL COLD MULTI-SYMPTOM DAYTIME",
            "Price": 1010.81
          },
          {
            "Name": "Glycopyrrolate",
            "Price": 1471.43
          },
          {
            "Name": "Baza Antifungal",
            "Price": 1162.34
          },
          {
            "Name": "Foaming Hand Sanitizer",
            "Price": 624.72
          },
          {
            "Name": "Topical 60 Sec Sodium Fluoride",
            "Price": 1228.84
          }
        ]
      }
    },
    {
      "LastName": "Parker",
      "Age": 41,
      "soldProducts": {
        "count": 6,
        "products": [
          {
            "Name": "PREMIER VALUE ALLERGY",
            "Price": 1127.61
          },
          {
            "Name": "Pollens - Trees, Birch Mix",
            "Price": 1153.54
          },
          {
            "Name": "Prostate",
            "Price": 716.05
          },
          {
            "Name": "smart sense nighttime cold and flu relief",
            "Price": 1101.77
          },
          {
            "Name": "PRIMAXIN",
            "Price": 686.66
          },
          {
            "Name": "cough and sore throat",
            "Price": 1482.68
          }
        ]
      }
    },
    {
      "LastName": "Cunningham",
      "soldProducts": {
        "count": 6,
        "products": [
          {
            "Name": "pain relief",
            "Price": 938.23
          },
          {
            "Name": "Ketorolac Tromethamine",
            "Price": 608.18
          },
          {
            "Name": "Flumazenil",
            "Price": 1151.37
          },
          {
            "Name": "Ringers",
            "Price": 1054.37
          },
          {
            "Name": "Agaricus Equisetum Special Order",
            "Price": 585.93
          },
          {
            "Name": "Yellow Jacket hymenoptera venom Venomil Diagnostic",
            "Price": 23.58
          }
        ]
      }
    },
    {
      "LastName": "Mitchell",
      "Age": 41,
      "soldProducts": {
        "count": 6,
        "products": [
          {
            "Name": "Nevirapine",
            "Price": 1374.72
          },
          {
            "Name": "Homeopathic Rheumatism",
            "Price": 967.08
          },
          {
            "Name": "ziprasidone hydrochloride",
            "Price": 628.66
          },
          {
            "Name": "Labetalol hydrochloride",
            "Price": 436.38
          },
          {
            "Name": "NEO-POLY-BAC HYDRO",
            "Price": 967.32
          },
          {
            "Name": "kirkland signature minoxidil",
            "Price": 49.17
          }
        ]
      }
    },
    {
      "LastName": "Harvey",
      "Age": 46,
      "soldProducts": {
        "count": 5,
        "products": [
          {
            "Name": "Aspen",
            "Price": 1046.46
          },
          {
            "Name": "Ondansetron",
            "Price": 1249.76
          },
          {
            "Name": "Etodolac",
            "Price": 1443.13
          },
          {
            "Name": "VITALUMIERE AQUA",
            "Price": 1293.09
          },
          {
            "Name": "Wintergreen Isopropyl Alcohol",
            "Price": 1397.57
          }
        ]
      }
    },
    {
      "LastName": "Snyder",
      "Age": 40,
      "soldProducts": {
        "count": 5,
        "products": [
          {
            "Name": "AVANDAMET",
            "Price": 632.08
          },
          {
            "Name": "DIPYRIDAMOLE",
            "Price": 1150.67
          },
          {
            "Name": "Phenylephrine HCl",
            "Price": 459.89
          },
          {
            "Name": "Warfarin Sodium",
            "Price": 770.05
          },
          {
            "Name": "SNORING HP",
            "Price": 53.59
          }
        ]
      }
    },
    {
      "LastName": "Williamson",
      "soldProducts": {
        "count": 5,
        "products": [
          {
            "Name": "SUMATRIPTAN SUCCINATE",
            "Price": 1265.94
          },
          {
            "Name": "Acid Reducer",
            "Price": 1443.51
          },
          {
            "Name": "Isosorbide Mononitrate",
            "Price": 789.91
          },
          {
            "Name": "PANTOPRAZOLE SODIUM",
            "Price": 293.89
          },
          {
            "Name": "Care One Hemorrhoidal",
            "Price": 932.18
          }
        ]
      }
    },
    {
      "LastName": "Lawson",
      "Age": 19,
      "soldProducts": {
        "count": 5,
        "products": [
          {
            "Name": "ENBREL",
            "Price": 673.97
          },
          {
            "Name": "ropinirole hydrochloride",
            "Price": 103.58
          },
          {
            "Name": "Laser Block 100",
            "Price": 1135.43
          },
          {
            "Name": "Buprenorphine hydrochloride",
            "Price": 391.05
          },
          {
            "Name": "Metformin Hydrochloride",
            "Price": 953.99
          }
        ]
      }
    },
    {
      "LastName": "Bennett",
      "soldProducts": {
        "count": 5,
        "products": [
          {
            "Name": "Topiramate",
            "Price": 578.77
          },
          {
            "Name": "Warfarin Sodium",
            "Price": 1379.79
          },
          {
            "Name": "Alcohol Free Antiseptic",
            "Price": 1486.07
          },
          {
            "Name": "CLARINS Ever Matte SPF 15 - 105 Nude",
            "Price": 696.06
          },
          {
            "Name": "Lamotrigine Extended Release",
            "Price": 245.63
          }
        ]
      }
    },
    {
      "LastName": "Fuller",
      "Age": 30,
      "soldProducts": {
        "count": 5,
        "products": [
          {
            "Name": "Gemcitabine",
            "Price": 594.79
          },
          {
            "Name": "Effervescent Cold Relief",
            "Price": 1436.07
          },
          {
            "Name": "Gehwol med Lipidro",
            "Price": 421.24
          },
          {
            "Name": "Fexofenadine HCl and Pseudoephedrine HCI",
            "Price": 73.07
          },
          {
            "Name": "ORCHID SECRET PACT",
            "Price": 59.53
          }
        ]
      }
    },
    {
      "LastName": "Stewart",
      "Age": 65,
      "soldProducts": {
        "count": 4,
        "products": [
          {
            "Name": "Meloxicam",
            "Price": 809.18
          },
          {
            "Name": "Aspirin",
            "Price": 925.45
          },
          {
            "Name": "Retin-A MICRO",
            "Price": 995.98
          },
          {
            "Name": "Topex",
            "Price": 1258.49
          }
        ]
      }
    },
    {
      "LastName": "Frazier",
      "soldProducts": {
        "count": 4,
        "products": [
          {
            "Name": "Ibuprofen",
            "Price": 1305.96
          },
          {
            "Name": "CHAMOMILLA",
            "Price": 37.97
          },
          {
            "Name": "No7 Protect and Perfect Foundation Sunscreen Broad Spectrum SPF 15 Cool Ivory",
            "Price": 616.19
          },
          {
            "Name": "Benazepril Hydrochloride and Hydrochlorothiazide",
            "Price": 1187.27
          }
        ]
      }
    },
    {
      "LastName": "Murray",
      "Age": 41,
      "soldProducts": {
        "count": 4,
        "products": [
          {
            "Name": "Imipramine Hydrochloride",
            "Price": 648.69
          },
          {
            "Name": "SEPHORA Acne-Fighting Mattifying Moisturizer",
            "Price": 1019.28
          },
          {
            "Name": "Etomidate",
            "Price": 393.94
          },
          {
            "Name": "Metaxalone",
            "Price": 79.94
          }
        ]
      }
    },
    {
      "LastName": "Henry",
      "soldProducts": {
        "count": 4,
        "products": [
          {
            "Name": "Naproxen",
            "Price": 807.22
          },
          {
            "Name": "Pleo Lat",
            "Price": 720.08
          },
          {
            "Name": "DIVALPROEX SODIUM",
            "Price": 1287.03
          },
          {
            "Name": "LBEL Couleur Luxe Rouge Amplifier XP amplifying SPF 15",
            "Price": 1069.43
          }
        ]
      }
    },
    {
      "LastName": "Woods",
      "Age": 20,
      "soldProducts": {
        "count": 4,
        "products": [
          {
            "Name": "Archangelica Eucalyptus",
            "Price": 1334.91
          },
          {
            "Name": "Parsley",
            "Price": 519.06
          },
          {
            "Name": "XtraCare Foam Antibacterial Hand Wash",
            "Price": 1251.97
          },
          {
            "Name": "TERSI",
            "Price": 554.91
          }
        ]
      }
    },
    {
      "LastName": "Gilbert",
      "Age": 51,
      "soldProducts": {
        "count": 4,
        "products": [
          {
            "Name": "Gilotrif",
            "Price": 1454.77
          },
          {
            "Name": "Amlodipine Besylate",
            "Price": 122.57
          },
          {
            "Name": "Childrens Allegra Allergy",
            "Price": 650.97
          },
          {
            "Name": "BareMinerals Golden Tan matte",
            "Price": 110.93
          }
        ]
      }
    },
    {
      "LastName": "Stevens",
      "soldProducts": {
        "count": 4,
        "products": [
          {
            "Name": "Fluoxetine",
            "Price": 385.37
          },
          {
            "Name": "Extra Strength Pain Reliever PM",
            "Price": 542.72
          },
          {
            "Name": "CARBIDOPA AND LEVODOPA",
            "Price": 441.64
          },
          {
            "Name": "Peter Island Continous sunscreen kids",
            "Price": 471.30
          }
        ]
      }
    },
    {
      "LastName": "Clark",
      "Age": 41,
      "soldProducts": {
        "count": 4,
        "products": [
          {
            "Name": "Carbon Dioxide Oxygen Mixture",
            "Price": 95.49
          },
          {
            "Name": "Allopurinol",
            "Price": 518.50
          },
          {
            "Name": "Almond",
            "Price": 367.32
          },
          {
            "Name": "ROPINIROLE HYDROCHLORIDE",
            "Price": 266.44
          }
        ]
      }
    },
    {
      "LastName": "Schmidt",
      "Age": 70,
      "soldProducts": {
        "count": 4,
        "products": [
          {
            "Name": "Allopurinol",
            "Price": 336.81
          },
          {
            "Name": "ISOPROPYL ALCOHOL",
            "Price": 339.48
          },
          {
            "Name": "Smooth texture Orange flavor",
            "Price": 976.65
          },
          {
            "Name": "Etoposide",
            "Price": 1483.96
          }
        ]
      }
    },
    {
      "LastName": "Peterson",
      "Age": 72,
      "soldProducts": {
        "count": 4,
        "products": [
          {
            "Name": "Protonix",
            "Price": 466.70
          },
          {
            "Name": "Air",
            "Price": 331.53
          },
          {
            "Name": "Ranitidine",
            "Price": 926.64
          },
          {
            "Name": "Buprenorphine hydrochloride and naloxone hydrochloride dihydrate",
            "Price": 293.33
          }
        ]
      }
    },
    {
      "LastName": "Harrison",
      "Age": 18,
      "soldProducts": {
        "count": 4,
        "products": [
          {
            "Name": "Warfarin Sodium",
            "Price": 138.83
          },
          {
            "Name": "Aquafresh",
            "Price": 849.93
          },
          {
            "Name": "Glipizide and Metformin Hydrochloride",
            "Price": 953.60
          },
          {
            "Name": "Megestrol Acetate",
            "Price": 976.15
          }
        ]
      }
    },
    {
      "LastName": "Martinez",
      "Age": 28,
      "soldProducts": {
        "count": 4,
        "products": [
          {
            "Name": "Echinacea Quartz Gum Support",
            "Price": 570.08
          },
          {
            "Name": "Enalapril Maleate",
            "Price": 72.71
          },
          {
            "Name": "Leflunomide",
            "Price": 312.85
          },
          {
            "Name": "MEDI-FIRST Non-Aspirin",
            "Price": 1301.28
          }
        ]
      }
    },
    {
      "LastName": "Baker",
      "soldProducts": {
        "count": 4,
        "products": [
          {
            "Name": "Trihexyphenidyl Hydrochloride",
            "Price": 64.88
          },
          {
            "Name": "Enchanted Moments Mistletoe Kisses Hand Sanitizer",
            "Price": 384.99
          },
          {
            "Name": "H-Rosacea Formula",
            "Price": 99.74
          },
          {
            "Name": "XANTHIUM STRUMARIUM VAR CANADENSE POLLEN",
            "Price": 1091.38
          }
        ]
      }
    },
    {
      "LastName": "Patterson",
      "Age": 63,
      "soldProducts": {
        "count": 3,
        "products": [
          {
            "Name": "up and up temporary minor arthritis pain relief",
            "Price": 1085.78
          },
          {
            "Name": "Head and Shoulders Conditioner",
            "Price": 1099.59
          },
          {
            "Name": "Oxygen",
            "Price": 1242.92
          }
        ]
      }
    },
    {
      "LastName": "Gomez",
      "Age": 28,
      "soldProducts": {
        "count": 3,
        "products": [
          {
            "Name": "Labetalol Hydrochloride",
            "Price": 1345.11
          },
          {
            "Name": "Americaine",
            "Price": 1165.75
          },
          {
            "Name": "CALMING DIAPER RASH",
            "Price": 700.92
          }
        ]
      }
    },
    {
      "LastName": "Fuller",
      "Age": 36,
      "soldProducts": {
        "count": 3,
        "products": [
          {
            "Name": "Amitiza",
            "Price": 666.58
          },
          {
            "Name": "Pollens - Weeds and Garden Plants, Nettle Urtica dioica",
            "Price": 782.77
          },
          {
            "Name": "Perrigo Benzoyl Peroxide",
            "Price": 873.24
          }
        ]
      }
    },
    {
      "LastName": "Rodriguez",
      "soldProducts": {
        "count": 3,
        "products": [
          {
            "Name": "Prednisone",
            "Price": 550.72
          },
          {
            "Name": "equaline",
            "Price": 520.45
          },
          {
            "Name": "Acetic Acid",
            "Price": 1060.43
          }
        ]
      }
    },
    {
      "LastName": "Thompson",
      "Age": 46,
      "soldProducts": {
        "count": 3,
        "products": [
          {
            "Name": "Irbesartan and Hydrochlorothiazide",
            "Price": 308.30
          },
          {
            "Name": "Clarins Paris Skin Illusion - 114 cappuccino",
            "Price": 811.42
          },
          {
            "Name": "AMARANTHUS PALMERI POLLEN",
            "Price": 623.16
          }
        ]
      }
    },
    {
      "LastName": "Cooper",
      "Age": 72,
      "soldProducts": {
        "count": 3,
        "products": [
          {
            "Name": "Nighttime Sleep Aid",
            "Price": 1217.11
          },
          {
            "Name": "MEDICATED DANDRUFF",
            "Price": 1351.02
          },
          {
            "Name": "Shopko Lip Treatment",
            "Price": 861.42
          }
        ]
      }
    },
    {
      "LastName": "Allen",
      "Age": 57,
      "soldProducts": {
        "count": 3,
        "products": [
          {
            "Name": "MOIST MOISTURE SKIN TONER",
            "Price": 152.43
          },
          {
            "Name": "smart sense nicotine",
            "Price": 1444.12
          },
          {
            "Name": "Myristica Argentum Sinus Relief",
            "Price": 904.52
          }
        ]
      }
    },
    {
      "LastName": "Moreno",
      "Age": 37,
      "soldProducts": {
        "count": 3,
        "products": [
          {
            "Name": "Pollens - Weeds and Garden Plants, Scotch Broom Cytisus scoparius",
            "Price": 135.82
          },
          {
            "Name": "Butalbital, Aspirin and Caffeine",
            "Price": 1010.98
          },
          {
            "Name": "LANEIGE MYSTIC VEIL FOUNDATION",
            "Price": 20.86
          }
        ]
      }
    },
    {
      "LastName": "King",
      "soldProducts": {
        "count": 3,
        "products": [
          {
            "Name": "ESIKA 3-IN-1 PRO MAKE UP FOUNDATION SPF 20 BASE DE MAQUILLAJE PARA ROSTRO 3-EN-1 PRO FPS 20",
            "Price": 1097.60
          },
          {
            "Name": "leader pain reliever",
            "Price": 1179.79
          },
          {
            "Name": "Leg Cramp Relief",
            "Price": 1345.69
          }
        ]
      }
    },
    {
      "LastName": "Johnson",
      "Age": 24,
      "soldProducts": {
        "count": 3,
        "products": [
          {
            "Name": "PLANTAGO LANCEOLATA POLLEN",
            "Price": 561.68
          },
          {
            "Name": "Albuterol",
            "Price": 108.95
          },
          {
            "Name": "Lorazepam",
            "Price": 1134.96
          }
        ]
      }
    },
    {
      "LastName": "Riley",
      "Age": 74,
      "soldProducts": {
        "count": 3,
        "products": [
          {
            "Name": "Budpak Hemorrhoid Anesthetic",
            "Price": 1499.29
          },
          {
            "Name": "Levothyroxine Sodium",
            "Price": 885.86
          },
          {
            "Name": "LV-FX",
            "Price": 820.87
          }
        ]
      }
    },
    {
      "LastName": "Day",
      "Age": 33,
      "soldProducts": {
        "count": 2,
        "products": [
          {
            "Name": "IOPE SUPER VITAL",
            "Price": 824.68
          },
          {
            "Name": "Triamterene and Hydrochlorothiazide",
            "Price": 1416.59
          }
        ]
      }
    },
    {
      "LastName": "Riley",
      "soldProducts": {
        "count": 2,
        "products": [
          {
            "Name": "Allopurinol",
            "Price": 48.80
          },
          {
            "Name": "Eszopiclone",
            "Price": 405.03
          }
        ]
      }
    },
    {
      "LastName": "Perez",
      "Age": 25,
      "soldProducts": {
        "count": 2,
        "products": [
          {
            "Name": "Cold and Cough",
            "Price": 218.14
          },
          {
            "Name": "Glipizide",
            "Price": 621.78
          }
        ]
      }
    },
    {
      "LastName": "Parker",
      "Age": 68,
      "soldProducts": {
        "count": 2,
        "products": [
          {
            "Name": "Pleo Ginkgo",
            "Price": 613.65
          },
          {
            "Name": "Clearskin",
            "Price": 968.59
          }
        ]
      }
    },
    {
      "LastName": "Fox",
      "Age": 18,
      "soldProducts": {
        "count": 2,
        "products": [
          {
            "Name": "Stila Hydrating Primer Oil-Free SPF 30",
            "Price": 179.28
          },
          {
            "Name": "U-max Multi BB",
            "Price": 137.16
          }
        ]
      }
    },
    {
      "LastName": "Reynolds",
      "Age": 32,
      "soldProducts": {
        "count": 2,
        "products": [
          {
            "Name": "Azithromycin",
            "Price": 813.87
          },
          {
            "Name": "Pioglitazone",
            "Price": 306.56
          }
        ]
      }
    },
    {
      "LastName": "Daniels",
      "Age": 59,
      "soldProducts": {
        "count": 2,
        "products": [
          {
            "Name": "Prednisone",
            "Price": 1285.99
          },
          {
            "Name": "EPZICOM",
            "Price": 895.65
          }
        ]
      }
    },
    {
      "LastName": "Stevens",
      "soldProducts": {
        "count": 2,
        "products": [
          {
            "Name": "Cefadroxil",
            "Price": 1302.20
          },
          {
            "Name": "Fosphenytoin Sodium",
            "Price": 1334.06
          }
        ]
      }
    },
    {
      "LastName": "Alexander",
      "Age": 61,
      "soldProducts": {
        "count": 2,
        "products": [
          {
            "Name": "Strattera",
            "Price": 658.54
          },
          {
            "Name": "Aspergillus repens",
            "Price": 1231.42
          }
        ]
      }
    },
    {
      "LastName": "Harris",
      "Age": 43,
      "soldProducts": {
        "count": 2,
        "products": [
          {
            "Name": "Acnezzol Base",
            "Price": 710.60
          },
          {
            "Name": "ENALAPRIL MALEATE",
            "Price": 210.42
          }
        ]
      }
    },
    {
      "LastName": "Henry",
      "Age": 63,
      "soldProducts": {
        "count": 2,
        "products": [
          {
            "Name": "Treatment Set TS336667",
            "Price": 1466.47
          },
          {
            "Name": "Alternaria alternata",
            "Price": 61.24
          }
        ]
      }
    },
    {
      "LastName": "Cook",
      "Age": 61,
      "soldProducts": {
        "count": 2,
        "products": [
          {
            "Name": "ANXIETY/STRESS RELIEF",
            "Price": 324.66
          },
          {
            "Name": "Dawn Ultra Antibacterial Hand",
            "Price": 969.86
          }
        ]
      }
    },
    {
      "LastName": "Mitchell",
      "Age": 59,
      "soldProducts": {
        "count": 1,
        "products": [
          {
            "Name": "Metoprolol Tartrate",
            "Price": 1405.74
          }
        ]
      }
    },
    {
      "LastName": "Fowler",
      "Age": 50,
      "soldProducts": {
        "count": 1,
        "products": [
          {
            "Name": "PredniSONE",
            "Price": 286.43
          }
        ]
      }
    },
    {
      "LastName": "Lawson",
      "Age": 38,
      "soldProducts": {
        "count": 1,
        "products": [
          {
            "Name": "Diastat",
            "Price": 614.14
          }
        ]
      }
    },
    {
      "LastName": "Fox",
      "Age": 68,
      "soldProducts": {
        "count": 1,
        "products": [
          {
            "Name": "GEMCITABINE",
            "Price": 1468.11
          }
        ]
      }
    },
    {
      "LastName": "Howell",
      "Age": 75,
      "soldProducts": {
        "count": 1,
        "products": [
          {
            "Name": "CD CAPTURE TOTALE Triple Correcting Serum Foundation Wrinkles-Dark Spots-Radiance with sunscreen Broad Spectrum SPF 25 010",
            "Price": 77.23
          }
        ]
      }
    },
    {
      "LastName": "Stewart",
      "Age": 39,
      "soldProducts": {
        "count": 1,
        "products": [
          {
            "Name": "AIR",
            "Price": 581.69
          }
        ]
      }
    },
    {
      "LastName": "Harris",
      "Age": 26,
      "soldProducts": {
        "count": 1,
        "products": [
          {
            "Name": "DAYWEAR PLUS MULTI PROTECTION TINTED MOISTURIZER",
            "Price": 555.12
          }
        ]
      }
    }
  ]
}