[
  {
    "FirstName": "Gloria",
    "LastName": "Alexander",
    "Count": 3,
    "soldProducts": [
      {
        "Name": "Strattera",
        "Price": 658.54,
        "FirstName": "Ann",
        "LastName": "Stevens"
      },
      {
        "Name": "Aspergillus repens",
        "Price": 1231.42,
        "FirstName": "Jeremy",
        "LastName": "Woods"
      },
      {
        "Name": "Ampicillin",
        "Price": 674.63,
        "FirstName": null,
        "LastName": null
      }
    ]
  },
  {
    "FirstName": "Fred",
    "LastName": "Allen",
    "Count": 3,
    "soldProducts": [
      {
        "Name": "MOIST MOISTURE SKIN TONER",
        "Price": 152.43,
        "FirstName": null,
        "LastName": "Thompson"
      },
      {
        "Name": "smart sense nicotine",
        "Price": 1444.12,
        "FirstName": "Billy",
        "LastName": "Parker"
      },
      {
        "Name": "Myristica Argentum Sinus Relief",
        "Price": 904.52,
        "FirstName": "Rachel",
        "LastName": "Johnson"
      }
    ]
  },
  {
    "FirstName": null,
    "LastName": "Baker",
    "Count": 4,
    "soldProducts": [
      {
        "Name": "Trihexyphenidyl Hydrochloride",
        "Price": 64.88,
        "FirstName": "Brenda",
        "LastName": "Howell"
      },
      {
        "Name": "Enchanted Moments Mistletoe Kisses Hand Sanitizer",
        "Price": 384.99,
        "FirstName": null,
        "LastName": "Cunningham"
      },
      {
        "Name": "H-Rosacea Formula",
        "Price": 99.74,
        "FirstName": "Gloria",
        "LastName": "Alexander"
      },
      {
        "Name": "XANTHIUM STRUMARIUM VAR CANADENSE POLLEN",
        "Price": 1091.38,
        "FirstName": "Carl",
        "LastName": "Lawson"
      }
    ]
  },
  {
    "FirstName": "Fred",
    "LastName": "Barnes",
    "Count": 9,
    "soldProducts": [
      {
        "Name": "Fair Foundation SPF 15",
        "Price": 1394.24,
        "FirstName": "Patricia",
        "LastName": "Cooper"
      },
      {
        "Name": "IOPE RETIGEN MOISTURE TWIN CAKE NO.21",
        "Price": 1257.71,
        "FirstName": "Arthur",
        "LastName": "Reynolds"
      },
      {
        "Name": "ESIKA",
        "Price": 879.37,
        "FirstName": "Thomas",
        "LastName": "Snyder"
      },
      {
        "Name": "allergy eye",
        "Price": 426.91,
        "FirstName": "Eugene",
        "LastName": "Stewart"
      },
      {
        "Name": "Glyburide",
        "Price": 95.10,
        "FirstName": "Betty",
        "LastName": "Ward"
      },
      {
        "Name": "Finasteride",
        "Price": 1374.01,
        "FirstName": "Wanda",
        "LastName": "Harris"
      },
      {
        "Name": "GOONG SECRET CALMING BATH",
        "Price": 742.47,
        "FirstName": "Fred",
        "LastName": "Allen"
      },
      {
        "Name": "EMEND",
        "Price": 1365.51,
        "FirstName": null,
        "LastName": "Fox"
      },
      {
        "Name": "Allergena",
        "Price": 109.32,
        "FirstName": null,
        "LastName": "Mitchell"
      }
    ]
  },
  {
    "FirstName": null,
    "LastName": "Bennett",
    "Count": 6,
    "soldProducts": [
      {
        "Name": "Topiramate",
        "Price": 578.77,
        "FirstName": "Clarence",
        "LastName": "Fowler"
      },
      {
        "Name": "ERYTHROMYCIN Base Filmtab",
        "Price": 117.84,
        "FirstName": null,
        "LastName": null
      },
      {
        "Name": "Warfarin Sodium",
        "Price": 1379.79,
        "FirstName": "Anna",
        "LastName": "Parker"
      },
      {
        "Name": "Alcohol Free Antiseptic",
        "Price": 1486.07,
        "FirstName": "Jonathan",
        "LastName": "Rodriguez"
      },
      {
        "Name": "CLARINS Ever Matte SPF 15 - 105 Nude",
        "Price": 696.06,
        "FirstName": "Doris",
        "LastName": "Cook"
      },
      {
        "Name": "Lamotrigine Extended Release",
        "Price": 245.63,
        "FirstName": null,
        "LastName": "Mitchell"
      }
    ]
  },
  {
    "FirstName": "Anna",
    "LastName": "Clark",
    "Count": 4,
    "soldProducts": [
      {
        "Name": "Carbon Dioxide Oxygen Mixture",
        "Price": 95.49,
        "FirstName": "Joshua",
        "LastName": "Murray"
      },
      {
        "Name": "Allopurinol",
        "Price": 518.50,
        "FirstName": "Marie",
        "LastName": "Williamson"
      },
      {
        "Name": "Almond",
        "Price": 367.32,
        "FirstName": "Emily",
        "LastName": "Parker"
      },
      {
        "Name": "ROPINIROLE HYDROCHLORIDE",
        "Price": 266.44,
        "FirstName": "Fred",
        "LastName": "Barnes"
      }
    ]
  },
  {
    "FirstName": "Doris",
    "LastName": "Cook",
    "Count": 2,
    "soldProducts": [
      {
        "Name": "ANXIETY/STRESS RELIEF",
        "Price": 324.66,
        "FirstName": null,
        "LastName": "Moreno"
      },
      {
        "Name": "Dawn Ultra Antibacterial Hand",
        "Price": 969.86,
        "FirstName": "Nicole",
        "LastName": "Harris"
      }
    ]
  },
  {
    "FirstName": "Patricia",
    "LastName": "Cooper",
    "Count": 5,
    "soldProducts": [
      {
        "Name": "Nighttime Sleep Aid",
        "Price": 1217.11,
        "FirstName": "Jeremy",
        "LastName": "Woods"
      },
      {
        "Name": "RESCRIPTOR",
        "Price": 850.52,
        "FirstName": null,
        "LastName": null
      },
      {
        "Name": "Zonisamide",
        "Price": 1305.41,
        "FirstName": null,
        "LastName": null
      },
      {
        "Name": "MEDICATED DANDRUFF",
        "Price": 1351.02,
        "FirstName": "Brandon",
        "LastName": "Fuller"
      },
      {
        "Name": "Shopko Lip Treatment",
        "Price": 861.42,
        "FirstName": "Brenda",
        "LastName": "Howell"
      }
    ]
  },
  {
    "FirstName": null,
    "LastName": "Cunningham",
    "Count": 6,
    "soldProducts": [
      {
        "Name": "pain relief",
        "Price": 938.23,
        "FirstName": "Patrick",
        "LastName": "King"
      },
      {
        "Name": "Ketorolac Tromethamine",
        "Price": 608.18,
        "FirstName": "Betty",
        "LastName": "Lawson"
      },
      {
        "Name": "Flumazenil",
        "Price": 1151.37,
        "FirstName": "Ann",
        "LastName": "Stevens"
      },
      {
        "Name": "Ringers",
        "Price": 1054.37,
        "FirstName": "Fred",
        "LastName": "Allen"
      },
      {
        "Name": "Agaricus Equisetum Special Order",
        "Price": 585.93,
        "FirstName": "Ann",
        "LastName": "Stevens"
      },
      {
        "Name": "Yellow Jacket hymenoptera venom Venomil Diagnostic",
        "Price": 23.58,
        "FirstName": "Jennifer",
        "LastName": "Riley"
      }
    ]
  },
  {
    "FirstName": "Carl",
    "LastName": "Daniels",
    "Count": 3,
    "soldProducts": [
      {
        "Name": "Prednisone",
        "Price": 1285.99,
        "FirstName": "Wanda",
        "LastName": "Harris"
      },
      {
        "Name": "Burn Jel",
        "Price": 209.57,
        "FirstName": null,
        "LastName": null
      },
      {
        "Name": "EPZICOM",
        "Price": 895.65,
        "FirstName": "Carl",
        "LastName": "Lawson"
      }
    ]
  },
  {
    "FirstName": "Sarah",
    "LastName": "Day",
    "Count": 2,
    "soldProducts": [
      {
        "Name": "IOPE SUPER VITAL",
        "Price": 824.68,
        "FirstName": null,
        "LastName": "Thompson"
      },
      {
        "Name": "Triamterene and Hydrochlorothiazide",
        "Price": 1416.59,
        "FirstName": "Betty",
        "LastName": "Lawson"
      }
    ]
  },
  {
    "FirstName": "Clarence",
    "LastName": "Fowler",
    "Count": 1,
    "soldProducts": [
      {
        "Name": "PredniSONE",
        "Price": 286.43,
        "FirstName": "Betty",
        "LastName": "Lawson"
      }
    ]
  },
  {
    "FirstName": null,
    "LastName": "Fox",
    "Count": 1,
    "soldProducts": [
      {
        "Name": "GEMCITABINE",
        "Price": 1468.11,
        "FirstName": "Sandra",
        "LastName": "Riley"
      }
    ]
  },
  {
    "FirstName": "Bonnie",
    "LastName": "Fox",
    "Count": 2,
    "soldProducts": [
      {
        "Name": "Stila Hydrating Primer Oil-Free SPF 30",
        "Price": 179.28,
        "FirstName": "Anna",
        "LastName": "Clark"
      },
      {
        "Name": "U-max Multi BB",
        "Price": 137.16,
        "FirstName": "Carl",
        "LastName": "Lawson"
      }
    ]
  },
  {
    "FirstName": "Amanda",
    "LastName": "Frazier",
    "Count": 4,
    "soldProducts": [
      {
        "Name": "Ibuprofen",
        "Price": 1305.96,
        "FirstName": "Paula",
        "LastName": "Hill"
      },
      {
        "Name": "CHAMOMILLA",
        "Price": 37.97,
        "FirstName": "Sandra",
        "LastName": "Riley"
      },
      {
        "Name": "No7 Protect and Perfect Foundation Sunscreen Broad Spectrum SPF 15 Cool Ivory",
        "Price": 616.19,
        "FirstName": "Wanda",
        "LastName": "Harris"
      },
      {
        "Name": "Benazepril Hydrochloride and Hydrochlorothiazide",
        "Price": 1187.27,
        "FirstName": null,
        "LastName": "Cunningham"
      }
    ]
  },
  {
    "FirstName": "Brandon",
    "LastName": "Fuller",
    "Count": 6,
    "soldProducts": [
      {
        "Name": "Gemcitabine",
        "Price": 594.79,
        "FirstName": null,
        "LastName": "Mitchell"
      },
      {
        "Name": "Effervescent Cold Relief",
        "Price": 1436.07,
        "FirstName": "Patrick",
        "LastName": "King"
      },
      {
        "Name": "Gehwol med Lipidro",
        "Price": 421.24,
        "FirstName": "Patrick",
        "LastName": "King"
      },
      {
        "Name": "REYATAZ",
        "Price": 41.97,
        "FirstName": null,
        "LastName": null
      },
      {
        "Name": "Fexofenadine HCl and Pseudoephedrine HCI",
        "Price": 73.07,
        "FirstName": "Eugene",
        "LastName": "Stewart"
      },
      {
        "Name": "ORCHID SECRET PACT",
        "Price": 59.53,
        "FirstName": "Patricia",
        "LastName": "Fuller"
      }
    ]
  },
  {
    "FirstName": "Patricia",
    "LastName": "Fuller",
    "Count": 3,
    "soldProducts": [
      {
        "Name": "Amitiza",
        "Price": 666.58,
        "FirstName": "Marie",
        "LastName": "Williamson"
      },
      {
        "Name": "Pollens - Weeds and Garden Plants, Nettle Urtica dioica",
        "Price": 782.77,
        "FirstName": "Christina",
        "LastName": "Patterson"
      },
      {
        "Name": "Perrigo Benzoyl Peroxide",
        "Price": 873.24,
        "FirstName": "Anna",
        "LastName": "Parker"
      }
    ]
  },
  {
    "FirstName": "Kathy",
    "LastName": "Gilbert",
    "Count": 5,
    "soldProducts": [
      {
        "Name": "Dover Aminophen",
        "Price": 192.07,
        "FirstName": null,
        "LastName": null
      },
      {
        "Name": "Gilotrif",
        "Price": 1454.77,
        "FirstName": "Rachel",
        "LastName": "Johnson"
      },
      {
        "Name": "Amlodipine Besylate",
        "Price": 122.57,
        "FirstName": "Jacqueline",
        "LastName": "Perez"
      },
      {
        "Name": "Childrens Allegra Allergy",
        "Price": 650.97,
        "FirstName": null,
        "LastName": "Fox"
      },
      {
        "Name": "BareMinerals Golden Tan matte",
        "Price": 110.93,
        "FirstName": "Patrick",
        "LastName": "King"
      }
    ]
  },
  {
    "FirstName": "Christine",
    "LastName": "Gomez",
    "Count": 3,
    "soldProducts": [
      {
        "Name": "Labetalol Hydrochloride",
        "Price": 1345.11,
        "FirstName": "Amanda",
        "LastName": "Frazier"
      },
      {
        "Name": "Americaine",
        "Price": 1165.75,
        "FirstName": "Marie",
        "LastName": "Williamson"
      },
      {
        "Name": "CALMING DIAPER RASH",
        "Price": 700.92,
        "FirstName": "Arthur",
        "LastName": "Reynolds"
      }
    ]
  },
  {
    "FirstName": "Nicole",
    "LastName": "Harris",
    "Count": 3,
    "soldProducts": [
      {
        "Name": "olio activ mouthwash",
        "Price": 206.06,
        "FirstName": null,
        "LastName": null
      },
      {
        "Name": "Acnezzol Base",
        "Price": 710.60,
        "FirstName": "Patrick",
        "LastName": "King"
      },
      {
        "Name": "ENALAPRIL MALEATE",
        "Price": 210.42,
        "FirstName": "Christine",
        "LastName": "Gomez"
      }
    ]
  },
  {
    "FirstName": "Wanda",
    "LastName": "Harris",
    "Count": 1,
    "soldProducts": [
      {
        "Name": "DAYWEAR PLUS MULTI PROTECTION TINTED MOISTURIZER",
        "Price": 555.12,
        "FirstName": "Patricia",
        "LastName": "Fuller"
      }
    ]
  },
  {
    "FirstName": null,
    "LastName": "Harrison",
    "Count": 5,
    "soldProducts": [
      {
        "Name": "Warfarin Sodium",
        "Price": 138.83,
        "FirstName": "Betty",
        "LastName": "Ward"
      },
      {
        "Name": "Aquafresh",
        "Price": 849.93,
        "FirstName": "Christina",
        "LastName": "Patterson"
      },
      {
        "Name": "Glipizide and Metformin Hydrochloride",
        "Price": 953.60,
        "FirstName": null,
        "LastName": "Schmidt"
      },
      {
        "Name": "Megestrol Acetate",
        "Price": 976.15,
        "FirstName": null,
        "LastName": "Thompson"
      },
      {
        "Name": "Acetaminophen, Chlorpheniramine Maleate, Dextromethorphan Hydrobromide, Phenylephrine Hydrochloride",
        "Price": 1028.27,
        "FirstName": null,
        "LastName": null
      }
    ]
  },
  {
    "FirstName": "Diana",
    "LastName": "Harvey",
    "Count": 5,
    "soldProducts": [
      {
        "Name": "Aspen",
        "Price": 1046.46,
        "FirstName": "Patrick",
        "LastName": "King"
      },
      {
        "Name": "Ondansetron",
        "Price": 1249.76,
        "FirstName": "Jonathan",
        "LastName": "Rodriguez"
      },
      {
        "Name": "Etodolac",
        "Price": 1443.13,
        "FirstName": null,
        "LastName": "Stewart"
      },
      {
        "Name": "VITALUMIERE AQUA",
        "Price": 1293.09,
        "FirstName": "Joshua",
        "LastName": "Murray"
      },
      {
        "Name": "Wintergreen Isopropyl Alcohol",
        "Price": 1397.57,
        "FirstName": "Jonathan",
        "LastName": "Rodriguez"
      }
    ]
  },
  {
    "FirstName": "Benjamin",
    "LastName": "Henry",
    "Count": 3,
    "soldProducts": [
      {
        "Name": "PAMO Kill Natural",
        "Price": 1181.06,
        "FirstName": null,
        "LastName": null
      },
      {
        "Name": "Treatment Set TS336667",
        "Price": 1466.47,
        "FirstName": "Carl",
        "LastName": "Lawson"
      },
      {
        "Name": "Alternaria alternata",
        "Price": 61.24,
        "FirstName": "Carl",
        "LastName": "Lawson"
      }
    ]
  },
  {
    "FirstName": "Jean",
    "LastName": "Henry",
    "Count": 4,
    "soldProducts": [
      {
        "Name": "Naproxen",
        "Price": 807.22,
        "FirstName": "Anna",
        "LastName": "Parker"
      },
      {
        "Name": "Pleo Lat",
        "Price": 720.08,
        "FirstName": null,
        "LastName": "Harrison"
      },
      {
        "Name": "DIVALPROEX SODIUM",
        "Price": 1287.03,
        "FirstName": "Brenda",
        "LastName": "Howell"
      },
      {
        "Name": "LBEL Couleur Luxe Rouge Amplifier XP amplifying SPF 15",
        "Price": 1069.43,
        "FirstName": "Joshua",
        "LastName": "Murray"
      }
    ]
  },
  {
    "FirstName": "Brenda",
    "LastName": "Howell",
    "Count": 1,
    "soldProducts": [
      {
        "Name": "CD CAPTURE TOTALE Triple Correcting Serum Foundation Wrinkles-Dark Spots-Radiance with sunscreen Broad Spectrum SPF 25 010",
        "Price": 77.23,
        "FirstName": "Jacqueline",
        "LastName": "Perez"
      }
    ]
  },
  {
    "FirstName": "Rachel",
    "LastName": "Johnson",
    "Count": 3,
    "soldProducts": [
      {
        "Name": "PLANTAGO LANCEOLATA POLLEN",
        "Price": 561.68,
        "FirstName": "Nicole",
        "LastName": "Martinez"
      },
      {
        "Name": "Albuterol",
        "Price": 108.95,
        "FirstName": null,
        "LastName": "Peterson"
      },
      {
        "Name": "Lorazepam",
        "Price": 1134.96,
        "FirstName": "Paula",
        "LastName": "Hill"
      }
    ]
  },
  {
    "FirstName": "Patrick",
    "LastName": "King",
    "Count": 4,
    "soldProducts": [
      {
        "Name": "ESIKA 3-IN-1 PRO MAKE UP FOUNDATION SPF 20 BASE DE MAQUILLAJE PARA ROSTRO 3-EN-1 PRO FPS 20",
        "Price": 1097.60,
        "FirstName": "Paula",
        "LastName": "Hill"
      },
      {
        "Name": "leader pain reliever",
        "Price": 1179.79,
        "FirstName": "Sarah",
        "LastName": "Day"
      },
      {
        "Name": "PCA SKIN ACNE",
        "Price": 1356.22,
        "FirstName": null,
        "LastName": null
      },
      {
        "Name": "Leg Cramp Relief",
        "Price": 1345.69,
        "FirstName": "Kathy",
        "LastName": "Gilbert"
      }
    ]
  },
  {
    "FirstName": "Betty",
    "LastName": "Lawson",
    "Count": 1,
    "soldProducts": [
      {
        "Name": "Diastat",
        "Price": 614.14,
        "FirstName": "Jennifer",
        "LastName": "Riley"
      }
    ]
  },
  {
    "FirstName": "Carl",
    "LastName": "Lawson",
    "Count": 5,
    "soldProducts": [
      {
        "Name": "ENBREL",
        "Price": 673.97,
        "FirstName": "Jonathan",
        "LastName": "Rodriguez"
      },
      {
        "Name": "ropinirole hydrochloride",
        "Price": 103.58,
        "FirstName": "Marie",
        "LastName": "Williamson"
      },
      {
        "Name": "Laser Block 100",
        "Price": 1135.43,
        "FirstName": "Jean",
        "LastName": "Henry"
      },
      {
        "Name": "Buprenorphine hydrochloride",
        "Price": 391.05,
        "FirstName": "Christina",
        "LastName": "Patterson"
      },
      {
        "Name": "Metformin Hydrochloride",
        "Price": 953.99,
        "FirstName": "Jeremy",
        "LastName": "Woods"
      }
    ]
  },
  {
    "FirstName": "Nicole",
    "LastName": "Martinez",
    "Count": 4,
    "soldProducts": [
      {
        "Name": "Echinacea Quartz Gum Support",
        "Price": 570.08,
        "FirstName": "Thomas",
        "LastName": "Snyder"
      },
      {
        "Name": "Enalapril Maleate",
        "Price": 72.71,
        "FirstName": "Thomas",
        "LastName": "Snyder"
      },
      {
        "Name": "Leflunomide",
        "Price": 312.85,
        "FirstName": "Jacqueline",
        "LastName": "Perez"
      },
      {
        "Name": "MEDI-FIRST Non-Aspirin",
        "Price": 1301.28,
        "FirstName": "Benjamin",
        "LastName": "Henry"
      }
    ]
  },
  {
    "FirstName": null,
    "LastName": "Mitchell",
    "Count": 6,
    "soldProducts": [
      {
        "Name": "Nevirapine",
        "Price": 1374.72,
        "FirstName": "Clarence",
        "LastName": "Fowler"
      },
      {
        "Name": "Homeopathic Rheumatism",
        "Price": 967.08,
        "FirstName": "Fred",
        "LastName": "Barnes"
      },
      {
        "Name": "ziprasidone hydrochloride",
        "Price": 628.66,
        "FirstName": "Amanda",
        "LastName": "Frazier"
      },
      {
        "Name": "Labetalol hydrochloride",
        "Price": 436.38,
        "FirstName": "Jean",
        "LastName": "Henry"
      },
      {
        "Name": "NEO-POLY-BAC HYDRO",
        "Price": 967.32,
        "FirstName": "Sandra",
        "LastName": "Riley"
      },
      {
        "Name": "kirkland signature minoxidil",
        "Price": 49.17,
        "FirstName": null,
        "LastName": "Bennett"
      }
    ]
  },
  {
    "FirstName": "Chris",
    "LastName": "Mitchell",
    "Count": 1,
    "soldProducts": [
      {
        "Name": "Metoprolol Tartrate",
        "Price": 1405.74,
        "FirstName": "Gloria",
        "LastName": "Alexander"
      }
    ]
  },
  {
    "FirstName": null,
    "LastName": "Moreno",
    "Count": 4,
    "soldProducts": [
      {
        "Name": "Pollens - Weeds and Garden Plants, Scotch Broom Cytisus scoparius",
        "Price": 135.82,
        "FirstName": "Bonnie",
        "LastName": "Fox"
      },
      {
        "Name": "Butalbital, Aspirin and Caffeine",
        "Price": 1010.98,
        "FirstName": null,
        "LastName": "Schmidt"
      },
      {
        "Name": "LANEIGE MYSTIC VEIL FOUNDATION",
        "Price": 20.86,
        "FirstName": null,
        "LastName": "Thompson"
      },
      {
        "Name": "Moore Medical Sinus Pain and Pressure Relief",
        "Price": 855.39,
        "FirstName": null,
        "LastName": null
      }
    ]
  },
  {
    "FirstName": "Joshua",
    "LastName": "Murray",
    "Count": 4,
    "soldProducts": [
      {
        "Name": "Imipramine Hydrochloride",
        "Price": 648.69,
        "FirstName": "Patrick",
        "LastName": "King"
      },
      {
        "Name": "SEPHORA Acne-Fighting Mattifying Moisturizer",
        "Price": 1019.28,
        "FirstName": "Clarence",
        "LastName": "Fowler"
      },
      {
        "Name": "Etomidate",
        "Price": 393.94,
        "FirstName": "Brenda",
        "LastName": "Howell"
      },
      {
        "Name": "Metaxalone",
        "Price": 79.94,
        "FirstName": "Patricia",
        "LastName": "Fuller"
      }
    ]
  },
  {
    "FirstName": "Anna",
    "LastName": "Parker",
    "Count": 7,
    "soldProducts": [
      {
        "Name": "Growing Pains",
        "Price": 1077.37,
        "FirstName": "Jean",
        "LastName": "Henry"
      },
      {
        "Name": "Amitriptyline Hydrochloride",
        "Price": 1453.96,
        "FirstName": "Nicole",
        "LastName": "Harris"
      },
      {
        "Name": "TYLENOL COLD MULTI-SYMPTOM DAYTIME",
        "Price": 1010.81,
        "FirstName": "Jonathan",
        "LastName": "Rodriguez"
      },
      {
        "Name": "Glycopyrrolate",
        "Price": 1471.43,
        "FirstName": "Brenda",
        "LastName": "Howell"
      },
      {
        "Name": "Baza Antifungal",
        "Price": 1162.34,
        "FirstName": "Nicole",
        "LastName": "Harris"
      },
      {
        "Name": "Foaming Hand Sanitizer",
        "Price": 624.72,
        "FirstName": null,
        "LastName": "Thompson"
      },
      {
        "Name": "Topical 60 Sec Sodium Fluoride",
        "Price": 1228.84,
        "FirstName": "Jacqueline",
        "LastName": "Perez"
      }
    ]
  },
  {
    "FirstName": "Billy",
    "LastName": "Parker",
    "Count": 2,
    "soldProducts": [
      {
        "Name": "Pleo Ginkgo",
        "Price": 613.65,
        "FirstName": "Anna",
        "LastName": "Clark"
      },
      {
        "Name": "Clearskin",
        "Price": 968.59,
        "FirstName": "Emily",
        "LastName": "Parker"
      }
    ]
  },
  {
    "FirstName": "Emily",
    "LastName": "Parker",
    "Count": 6,
    "soldProducts": [
      {
        "Name": "PREMIER VALUE ALLERGY",
        "Price": 1127.61,
        "FirstName": "Carl",
        "LastName": "Lawson"
      },
      {
        "Name": "Pollens - Trees, Birch Mix",
        "Price": 1153.54,
        "FirstName": null,
        "LastName": "Fox"
      },
      {
        "Name": "Prostate",
        "Price": 716.05,
        "FirstName": "Christina",
        "LastName": "Patterson"
      },
      {
        "Name": "smart sense nighttime cold and flu relief",
        "Price": 1101.77,
        "FirstName": "Christina",
        "LastName": "Patterson"
      },
      {
        "Name": "PRIMAXIN",
        "Price": 686.66,
        "FirstName": null,
        "LastName": "Cunningham"
      },
      {
        "Name": "cough and sore throat",
        "Price": 1482.68,
        "FirstName": "Billy",
        "LastName": "Parker"
      }
    ]
  },
  {
    "FirstName": "Christina",
    "LastName": "Patterson",
    "Count": 3,
    "soldProducts": [
      {
        "Name": "up and up temporary minor arthritis pain relief",
        "Price": 1085.78,
        "FirstName": "Patricia",
        "LastName": "Cooper"
      },
      {
        "Name": "Head and Shoulders Conditioner",
        "Price": 1099.59,
        "FirstName": null,
        "LastName": "Fox"
      },
      {
        "Name": "Oxygen",
        "Price": 1242.92,
        "FirstName": "Christine",
        "LastName": "Gomez"
      }
    ]
  },
  {
    "FirstName": "Jacqueline",
    "LastName": "Perez",
    "Count": 3,
    "soldProducts": [
      {
        "Name": "CVS Therapeutic Menthol Pain Reliever",
        "Price": 1033.42,
        "FirstName": null,
        "LastName": null
      },
      {
        "Name": "Cold and Cough",
        "Price": 218.14,
        "FirstName": null,
        "LastName": "Moreno"
      },
      {
        "Name": "Glipizide",
        "Price": 621.78,
        "FirstName": "Eugene",
        "LastName": "Stewart"
      }
    ]
  },
  {
    "FirstName": null,
    "LastName": "Peterson",
    "Count": 5,
    "soldProducts": [
      {
        "Name": "Protonix",
        "Price": 466.70,
        "FirstName": "Christina",
        "LastName": "Patterson"
      },
      {
        "Name": "Hydralazine Hydrochloride",
        "Price": 1309.72,
        "FirstName": null,
        "LastName": null
      },
      {
        "Name": "Air",
        "Price": 331.53,
        "FirstName": null,
        "LastName": "Mitchell"
      },
      {
        "Name": "Ranitidine",
        "Price": 926.64,
        "FirstName": "Anna",
        "LastName": "Clark"
      },
      {
        "Name": "Buprenorphine hydrochloride and naloxone hydrochloride dihydrate",
        "Price": 293.33,
        "FirstName": "Betty",
        "LastName": "Ward"
      }
    ]
  },
  {
    "FirstName": "Arthur",
    "LastName": "Reynolds",
    "Count": 2,
    "soldProducts": [
      {
        "Name": "Azithromycin",
        "Price": 813.87,
        "FirstName": "Marie",
        "LastName": "Williamson"
      },
      {
        "Name": "Pioglitazone",
        "Price": 306.56,
        "FirstName": null,
        "LastName": "Fox"
      }
    ]
  },
  {
    "FirstName": "Jennifer",
    "LastName": "Riley",
    "Count": 2,
    "soldProducts": [
      {
        "Name": "Allopurinol",
        "Price": 48.80,
        "FirstName": "Fred",
        "LastName": "Allen"
      },
      {
        "Name": "Eszopiclone",
        "Price": 405.03,
        "FirstName": "Doris",
        "LastName": "Cook"
      }
    ]
  },
  {
    "FirstName": "Sandra",
    "LastName": "Riley",
    "Count": 3,
    "soldProducts": [
      {
        "Name": "Budpak Hemorrhoid Anesthetic",
        "Price": 1499.29,
        "FirstName": "Doris",
        "LastName": "Cook"
      },
      {
        "Name": "Levothyroxine Sodium",
        "Price": 885.86,
        "FirstName": "Kathy",
        "LastName": "Gilbert"
      },
      {
        "Name": "LV-FX",
        "Price": 820.87,
        "FirstName": "Brenda",
        "LastName": "Howell"
      }
    ]
  },
  {
    "FirstName": "Jonathan",
    "LastName": "Rodriguez",
    "Count": 3,
    "soldProducts": [
      {
        "Name": "Prednisone",
        "Price": 550.72,
        "FirstName": null,
        "LastName": "Stewart"
      },
      {
        "Name": "equaline",
        "Price": 520.45,
        "FirstName": "Billy",
        "LastName": "Parker"
      },
      {
        "Name": "Acetic Acid",
        "Price": 1060.43,
        "FirstName": "Carl",
        "LastName": "Lawson"
      }
    ]
  },
  {
    "FirstName": null,
    "LastName": "Schmidt",
    "Count": 4,
    "soldProducts": [
      {
        "Name": "Allopurinol",
        "Price": 336.81,
        "FirstName": "Emily",
        "LastName": "Parker"
      },
      {
        "Name": "ISOPROPYL ALCOHOL",
        "Price": 339.48,
        "FirstName": "Betty",
        "LastName": "Ward"
      },
      {
        "Name": "Smooth texture Orange flavor",
        "Price": 976.65,
        "FirstName": "Jeremy",
        "LastName": "Woods"
      },
      {
        "Name": "Etoposide",
        "Price": 1483.96,
        "FirstName": "Ann",
        "LastName": "Stevens"
      }
    ]
  },
  {
    "FirstName": "Thomas",
    "LastName": "Snyder",
    "Count": 5,
    "soldProducts": [
      {
        "Name": "AVANDAMET",
        "Price": 632.08,
        "FirstName": "Nicole",
        "LastName": "Harris"
      },
      {
        "Name": "DIPYRIDAMOLE",
        "Price": 1150.67,
        "FirstName": "Eugene",
        "LastName": "Stewart"
      },
      {
        "Name": "Phenylephrine HCl",
        "Price": 459.89,
        "FirstName": "Nicole",
        "LastName": "Martinez"
      },
      {
        "Name": "Warfarin Sodium",
        "Price": 770.05,
        "FirstName": "Patricia",
        "LastName": "Cooper"
      },
      {
        "Name": "SNORING HP",
        "Price": 53.59,
        "FirstName": "Fred",
        "LastName": "Allen"
      }
    ]
  },
  {
    "FirstName": "Ann",
    "LastName": "Stevens",
    "Count": 6,
    "soldProducts": [
      {
        "Name": "Fluoxetine",
        "Price": 385.37,
        "FirstName": null,
        "LastName": "Stewart"
      },
      {
        "Name": "Extra Strength Pain Reliever PM",
        "Price": 542.72,
        "FirstName": "Sarah",
        "LastName": "Day"
      },
      {
        "Name": "Propranolol Hydrochloride",
        "Price": 546.95,
        "FirstName": null,
        "LastName": null
      },
      {
        "Name": "CARBIDOPA AND LEVODOPA",
        "Price": 441.64,
        "FirstName": "Billy",
        "LastName": "Parker"
      },
      {
        "Name": "Peter Island Continous sunscreen kids",
        "Price": 471.30,
        "FirstName": null,
        "LastName": "Bennett"
      },
      {
        "Name": "CEDAX",
        "Price": 342.86,
        "FirstName": null,
        "LastName": null
      }
    ]
  },
  {
    "FirstName": "Gary",
    "LastName": "Stevens",
    "Count": 2,
    "soldProducts": [
      {
        "Name": "Cefadroxil",
        "Price": 1302.20,
        "FirstName": null,
        "LastName": "Stewart"
      },
      {
        "Name": "Fosphenytoin Sodium",
        "Price": 1334.06,
        "FirstName": "Marie",
        "LastName": "Williamson"
      }
    ]
  },
  {
    "FirstName": null,
    "LastName": "Stewart",
    "Count": 3,
    "soldProducts": [
      {
        "Name": "AIR",
        "Price": 581.69,
        "FirstName": "Thomas",
        "LastName": "Snyder"
      },
      {
        "Name": "Ibuprofen",
        "Price": 1088.04,
        "FirstName": null,
        "LastName": null
      },
      {
        "Name": "Spironolactone",
        "Price": 933.69,
        "FirstName": null,
        "LastName": null
      }
    ]
  },
  {
    "FirstName": "Eugene",
    "LastName": "Stewart",
    "Count": 5,
    "soldProducts": [
      {
        "Name": "Meloxicam",
        "Price": 809.18,
        "FirstName": "Chris",
        "LastName": "Mitchell"
      },
      {
        "Name": "Goats Milk",
        "Price": 298.53,
        "FirstName": null,
        "LastName": null
      },
      {
        "Name": "Aspirin",
        "Price": 925.45,
        "FirstName": "Fred",
        "LastName": "Barnes"
      },
      {
        "Name": "Retin-A MICRO",
        "Price": 995.98,
        "FirstName": "Emily",
        "LastName": "Parker"
      },
      {
        "Name": "Topex",
        "Price": 1258.49,
        "FirstName": "Paula",
        "LastName": "Hill"
      }
    ]
  },
  {
    "FirstName": null,
    "LastName": "Thompson",
    "Count": 4,
    "soldProducts": [
      {
        "Name": "Irbesartan and Hydrochlorothiazide",
        "Price": 308.30,
        "FirstName": "Patricia",
        "LastName": "Fuller"
      },
      {
        "Name": "Clarins Paris Skin Illusion - 114 cappuccino",
        "Price": 811.42,
        "FirstName": "Jeremy",
        "LastName": "Woods"
      },
      {
        "Name": "TRAMADOL HYDROCHLORIDE",
        "Price": 516.48,
        "FirstName": null,
        "LastName": null
      },
      {
        "Name": "AMARANTHUS PALMERI POLLEN",
        "Price": 623.16,
        "FirstName": "Betty",
        "LastName": "Lawson"
      }
    ]
  },
  {
    "FirstName": "Marie",
    "LastName": "Williamson",
    "Count": 5,
    "soldProducts": [
      {
        "Name": "SUMATRIPTAN SUCCINATE",
        "Price": 1265.94,
        "FirstName": "Sarah",
        "LastName": "Day"
      },
      {
        "Name": "Acid Reducer",
        "Price": 1443.51,
        "FirstName": null,
        "LastName": "Moreno"
      },
      {
        "Name": "Isosorbide Mononitrate",
        "Price": 789.91,
        "FirstName": "Paula",
        "LastName": "Hill"
      },
      {
        "Name": "PANTOPRAZOLE SODIUM",
        "Price": 293.89,
        "FirstName": "Brenda",
        "LastName": "Howell"
      },
      {
        "Name": "Care One Hemorrhoidal",
        "Price": 932.18,
        "FirstName": "Thomas",
        "LastName": "Snyder"
      }
    ]
  },
  {
    "FirstName": "Jeremy",
    "LastName": "Woods",
    "Count": 4,
    "soldProducts": [
      {
        "Name": "Archangelica Eucalyptus",
        "Price": 1334.91,
        "FirstName": "Jacqueline",
        "LastName": "Perez"
      },
      {
        "Name": "Parsley",
        "Price": 519.06,
        "FirstName": "Betty",
        "LastName": "Lawson"
      },
      {
        "Name": "XtraCare Foam Antibacterial Hand Wash",
        "Price": 1251.97,
        "FirstName": "Anna",
        "LastName": "Clark"
      },
      {
        "Name": "TERSI",
        "Price": 554.91,
        "FirstName": "Eugene",
        "LastName": "Stewart"
      }
    ]
  }
]