<?xml version="1.0" encoding="utf-16"?>
<cars>
  <car make="BMW" model="F25" travelled-distance="476132712">
    <parts>
      <part name="Exhaust pipe" price="130.99" />
      <part name="Engine shake damper and vibration absorber" price="100.99" />
      <part name="Window seal" price="100.99" />
      <part name="Rear Right Side Door Glass" price="100.90" />
      <part name="Front Right Side Window motor" price="44.99" />
      <part name="Fender" price="10.34" />
    </parts>
  </car>
  <car make="BMW" model="F04" travelled-distance="418839575">
    <parts>
      <part name="Radiator gasket" price="140.99" />
      <part name="Rear Left Side Door Glass" price="100.66" />
      <part name="Rear Right Side Inner door handle" price="79.99" />
    </parts>
  </car>
  <car make="Opel" model="Omega" travelled-distance="254808828">
    <parts>
      <part name="Radiator pressure cap" price="600.99" />
      <part name="Exhaust flange gasket" price="130.99" />
      <part name="Turbocharger" price="0.40" />
    </parts>
  </car>
  <car make="BMW" model="M5 F10" travelled-distance="140799461">
    <parts>
      <part name="Overflow tank" price="1200.99" />
      <part name="Decklid" price="1060.34" />
      <part name="Welded assembly" price="1020.99" />
      <part name="Exhaust clamp and bracket" price="140.99" />
      <part name="Cooling fan" price="120.99" />
      <part name="Resonator" price="106.99" />
      <part name="Steering box" price="103.99" />
      <part name="Fuel pressure regulator" price="100.99" />
      <part name="Front Left Side Door Glass" price="100.92" />
      <part name="Timing tape" price="40.90" />
      <part name="Crank pulley" price="2.80" />
    </parts>
  </car>
  <car make="BMW" model="E88" travelled-distance="27453411">
    <parts>
      <part name="Tappet" price="300.29" />
      <part name="Differential clutch" price="120.99" />
      <part name="Drive belt" price="3.99" />
    </parts>
  </car>
</cars>