<?xml version="1.0" encoding="utf-16"?>
<cars>
  <car>
    <make>BMW</make>
    <model>1M Coupe</model>
    <travelled-distance>39826890</travelled-distance>
  </car>
  <car>
    <make>BMW</make>
    <model>E67</model>
    <travelled-distance>476830509</travelled-distance>
  </car>
  <car>
    <make>BMW</make>
    <model>E88</model>
    <travelled-distance>27453411</travelled-distance>
  </car>
  <car>
    <make>BMW</make>
    <model>F04</model>
    <travelled-distance>418839575</travelled-distance>
  </car>
  <car>
    <make>BMW</make>
    <model>F04</model>
    <travelled-distance>443756363</travelled-distance>
  </car>
  <car>
    <make>BMW</make>
    <model>F20</model>
    <travelled-distance>401291910</travelled-distance>
  </car>
  <car>
    <make>BMW</make>
    <model>F20</model>
    <travelled-distance>487897422</travelled-distance>
  </car>
  <car>
    <make>BMW</make>
    <model>F20</model>
    <travelled-distance>284809463</travelled-distance>
  </car>
  <car>
    <make>BMW</make>
    <model>F25</model>
    <travelled-distance>476132712</travelled-distance>
  </car>
  <car>
    <make>BMW</make>
    <model>M Roadster E85</model>
    <travelled-distance>475685374</travelled-distance>
  </car>
  <car>
    <make>BMW</make>
    <model>M5 F10</model>
    <travelled-distance>140799461</travelled-distance>
  </car>
  <car>
    <make>BMW</make>
    <model>M5 F10</model>
    <travelled-distance>435603343</travelled-distance>
  </car>
  <car>
    <make>BMW</make>
    <model>M6 E63</model>
    <travelled-distance>57189891</travelled-distance>
  </car>
  <car>
    <make>BMW</make>
    <model>M6 E63</model>
    <travelled-distance>69863204</travelled-distance>
  </car>
  <car>
    <make>BMW</make>
    <model>X6 M</model>
    <travelled-distance>227443571</travelled-distance>
  </car>
  <car>
    <make>BMW</make>
    <model>X6 M</model>
    <travelled-distance>322292247</travelled-distance>
  </car>
  <car>
    <make>BMW</make>
    <model>X6 M</model>
    <travelled-distance>183346013</travelled-distance>
  </car>
  <car>
    <make>Opel</make>
    <model>Astra</model>
    <travelled-distance>156191509</travelled-distance>
  </car>
  <car>
    <make>Opel</make>
    <model>Astra</model>
    <travelled-distance>516628215</travelled-distance>
  </car>
  <car>
    <make>Opel</make>
    <model>Astra</model>
    <travelled-distance>31468479</travelled-distance>
  </car>
  <car>
    <make>Opel</make>
    <model>Astra</model>
    <travelled-distance>349837452</travelled-distance>
  </car>
  <car>
    <make>Opel</make>
    <model>Corsa</model>
    <travelled-distance>241891505</travelled-distance>
  </car>
  <car>
    <make>Opel</make>
    <model>Corsa</model>
    <travelled-distance>282499542</travelled-distance>
  </car>
  <car>
    <make>Opel</make>
    <model>Corsa</model>
    <travelled-distance>267253567</travelled-distance>
  </car>
  <car>
    <make>Opel</make>
    <model>Corsa</model>
    <travelled-distance>347259126</travelled-distance>
  </car>
  <car>
    <make>Opel</make>
    <model>Insignia</model>
    <travelled-distance>225253817</travelled-distance>
  </car>
  <car>
    <make>Opel</make>
    <model>Insignia</model>
    <travelled-distance>339785118</travelled-distance>
  </car>
  <car>
    <make>Opel</make>
    <model>Insignia</model>
    <travelled-distance>168539389</travelled-distance>
  </car>
  <car>
    <make>Opel</make>
    <model>Kadet</model>
    <travelled-distance>31737446</travelled-distance>
  </car>
  <car>
    <make>Opel</make>
    <model>Omega</model>
    <travelled-distance>111313670</travelled-distance>
  </car>
  <car>
    <make>Opel</make>
    <model>Omega</model>
    <travelled-distance>109910837</travelled-distance>
  </car>
  <car>
    <make>Opel</make>
    <model>Omega</model>
    <travelled-distance>176664996</travelled-distance>
  </car>
  <car>
    <make>Opel</make>
    <model>Omega</model>
    <travelled-distance>277250812</travelled-distance>
  </car>
  <car>
    <make>Opel</make>
    <model>Omega</model>
    <travelled-distance>254808828</travelled-distance>
  </car>
  <car>
    <make>Opel</make>
    <model>Vectra</model>
    <travelled-distance>433351992</travelled-distance>
  </car>
  <car>
    <make>Opel</make>
    <model>Vectra</model>
    <travelled-distance>238042093</travelled-distance>
  </car>
</cars>