<?xml version="1.0" encoding="utf-16"?>
<customers>
  <customer full-name="Hai Everton" bought-cars="1" spent-money="2544.67" />
  <customer full-name="Daniele Zarate" bought-cars="1" spent-money="2014.83" />
  <customer full-name="Donnetta Soliz" bought-cars="1" spent-money="1655.57" />
  <customer full-name="Faustina Burgher" bought-cars="1" spent-money="1544.83" />
  <customer full-name="Ann Mcenaney" bought-cars="1" spent-money="1284.32" />
  <customer full-name="Audrea Cardinal" bought-cars="1" spent-money="1223.31" />
  <customer full-name="Zada Attwood" bought-cars="1" spent-money="1197.55" />
  <customer full-name="Marcelle Griego" bought-cars="1" spent-money="619.66" />
  <customer full-name="Lino Subia" bought-cars="1" spent-money="489.20" />
</customers>